{"v":"5.7.13","fr":60,"ip":60,"op":120,"w":180,"h":180,"nm":"Render","ddd":0,"assets":[{"id":"comp_0","nm":"Succses","layers":[{"ddd":0,"ind":1,"ty":4,"nm":"Layer 2","sr":1,"ks":{"o":{"a":0,"k":100,"ix":11},"r":{"a":0,"k":0,"ix":10},"p":{"a":0,"k":[240,240,0],"ix":2,"l":2},"a":{"a":0,"k":[0,0,0],"ix":1,"l":2},"s":{"a":0,"k":[100,100,100],"ix":6,"l":2}},"ao":0,"shapes":[{"ty":"gr","it":[{"ind":0,"ty":"sh","ix":1,"ks":{"a":0,"k":{"i":[[0,0],[0,0],[0,0]],"o":[[0,0],[0,0],[0,0]],"v":[[81,-46.644],[-24.667,58.519],[-73,9.835]],"c":false},"ix":2},"nm":"Path 1","mn":"ADBE Vector Shape - Group","hd":false},{"ty":"st","c":{"a":0,"k":[1,1,1,1],"ix":3},"o":{"a":0,"k":100,"ix":4},"w":{"a":0,"k":35,"ix":5},"lc":2,"lj":2,"bm":0,"nm":"Stroke 1","mn":"ADBE Vector Graphic - Stroke","hd":false},{"ty":"tr","p":{"a":0,"k":[0,0],"ix":2},"a":{"a":0,"k":[0,0],"ix":1},"s":{"a":0,"k":[100,100],"ix":3},"r":{"a":0,"k":0,"ix":6},"o":{"a":0,"k":100,"ix":7},"sk":{"a":0,"k":0,"ix":4},"sa":{"a":0,"k":0,"ix":5},"nm":"Transform"}],"nm":"Group 1","np":2,"cix":2,"bm":0,"ix":1,"mn":"ADBE Vector Group","hd":false},{"ty":"tm","s":{"a":1,"k":[{"i":{"x":[0.1],"y":[1]},"o":{"x":[0.15],"y":[0]},"t":70,"s":[100]},{"t":110,"s":[0]}],"ix":1},"e":{"a":0,"k":100,"ix":2},"o":{"a":0,"k":0,"ix":3},"m":1,"ix":2,"nm":"Trim Paths 1","mn":"ADBE Vector Filter - Trim","hd":false}],"ip":20,"op":1608,"st":20,"bm":0},{"ddd":0,"ind":2,"ty":3,"nm":"Scale Shape","sr":1,"ks":{"o":{"a":0,"k":0,"ix":11},"r":{"a":0,"k":0,"ix":10},"p":{"a":0,"k":[240,240,0],"ix":2,"l":2},"a":{"a":0,"k":[50,50,0],"ix":1,"l":2},"s":{"a":1,"k":[{"i":{"x":[0.32,0.32,0.32],"y":[1,1,1]},"o":{"x":[0.1,0.1,0.1],"y":[0,0,0]},"t":60,"s":[0,0,100]},{"t":90,"s":[100,100,100]}],"ix":6,"l":2}},"ao":0,"ip":0,"op":1588,"st":0,"bm":0},{"ddd":0,"ind":3,"ty":4,"nm":"Layer 1","parent":2,"sr":1,"ks":{"o":{"a":0,"k":100,"ix":11},"r":{"a":0,"k":0,"ix":10},"p":{"a":0,"k":[50,50,0],"ix":2,"l":2},"a":{"a":0,"k":[0,0,0],"ix":1,"l":2},"s":{"a":0,"k":[100,100,100],"ix":6,"l":2}},"ao":0,"shapes":[{"ty":"gr","it":[{"ind":0,"ty":"sh","ix":1,"ks":{"a":0,"k":{"i":[[0,-90.022],[90.022,0],[0,90.022],[-90.022,0]],"o":[[0,90.022],[-90.022,0],[0,-90.022],[90.022,0]],"v":[[163,0],[0,163],[-163,0],[0,-163]],"c":true},"ix":2},"nm":"Path 1","mn":"ADBE Vector Shape - Group","hd":false},{"ty":"fl","c":{"a":0,"k":[0.298039227724,0.686274528503,0.313725501299,1],"ix":4},"o":{"a":0,"k":100,"ix":5},"r":1,"bm":0,"nm":"Fill 1","mn":"ADBE Vector Graphic - Fill","hd":false},{"ty":"tr","p":{"a":0,"k":[0,0],"ix":2},"a":{"a":0,"k":[0,0],"ix":1},"s":{"a":0,"k":[100,100],"ix":3},"r":{"a":0,"k":0,"ix":6},"o":{"a":0,"k":100,"ix":7},"sk":{"a":0,"k":0,"ix":4},"sa":{"a":0,"k":0,"ix":5},"nm":"Transform"}],"nm":"Group 1","np":2,"cix":2,"bm":0,"ix":1,"mn":"ADBE Vector Group","hd":false}],"ip":0,"op":1588,"st":0,"bm":0},{"ddd":0,"ind":4,"ty":0,"nm":"Explode_Set_1","refId":"comp_1","sr":1,"ks":{"o":{"a":0,"k":100,"ix":11},"r":{"a":0,"k":0,"ix":10},"p":{"a":0,"k":[240,240,0],"ix":2,"l":2},"a":{"a":0,"k":[240,240,0],"ix":1,"l":2},"s":{"a":0,"k":[100,100,100],"ix":6,"l":2}},"ao":0,"w":480,"h":480,"ip":20,"op":1608,"st":20,"bm":0}]},{"id":"comp_1","nm":"Explode_Set_1","layers":[{"ddd":0,"ind":1,"ty":4,"nm":"Layer 7","sr":1,"ks":{"o":{"a":1,"k":[{"i":{"x":[0.833],"y":[1]},"o":{"x":[0.167],"y":[0]},"t":50,"s":[0]},{"i":{"x":[0.833],"y":[1]},"o":{"x":[0.06],"y":[0]},"t":51,"s":[100]},{"i":{"x":[0.833],"y":[1]},"o":{"x":[0.06],"y":[0]},"t":80,"s":[100]},{"i":{"x":[0.47],"y":[1]},"o":{"x":[0.06],"y":[0]},"t":93,"s":[50]},{"t":100,"s":[0]}],"ix":11},"r":{"a":0,"k":0,"ix":10},"p":{"a":1,"k":[{"i":{"x":0.47,"y":1},"o":{"x":0.06,"y":0},"t":50,"s":[201,265.818,0],"to":[0,0,0],"ti":[0,0,0]},{"t":100,"s":[39,355.818,0]}],"ix":2,"l":2},"a":{"a":0,"k":[0,0,0],"ix":1,"l":2},"s":{"a":1,"k":[{"i":{"x":[0.667,0.667,0.667],"y":[1,1,1]},"o":{"x":[0.333,0.333,0.333],"y":[0,0,0]},"t":50,"s":[143,143,100]},{"i":{"x":[0.833,0.833,0.833],"y":[0.833,0.833,-8.764]},"o":{"x":[0.333,0.333,0.333],"y":[0,0,0]},"t":80,"s":[143,143,100]},{"t":100,"s":[80,80,100]}],"ix":6,"l":2}},"ao":0,"shapes":[{"ty":"gr","it":[{"ind":0,"ty":"sh","ix":1,"ks":{"a":0,"k":{"i":[[0,-7.832],[7.832,0],[0,7.832],[-7.832,0]],"o":[[0,7.832],[-7.832,0],[0,-7.832],[7.832,0]],"v":[[14.182,0],[0,14.182],[-14.182,0],[0,-14.182]],"c":true},"ix":2},"nm":"Path 1","mn":"ADBE Vector Shape - Group","hd":false},{"ty":"fl","c":{"a":0,"k":[0.219607843137,0.556862745098,0.235294117647,1],"ix":4},"o":{"a":0,"k":100,"ix":5},"r":1,"bm":0,"nm":"Fill 1","mn":"ADBE Vector Graphic - Fill","hd":false},{"ty":"tr","p":{"a":0,"k":[0,0],"ix":2},"a":{"a":0,"k":[0,0],"ix":1},"s":{"a":0,"k":[100,100],"ix":3},"r":{"a":0,"k":0,"ix":6},"o":{"a":0,"k":100,"ix":7},"sk":{"a":0,"k":0,"ix":4},"sa":{"a":0,"k":0,"ix":5},"nm":"Transform"}],"nm":"Group 1","np":2,"cix":2,"bm":0,"ix":1,"mn":"ADBE Vector Group","hd":false}],"ip":0,"op":1588,"st":0,"bm":0},{"ddd":0,"ind":2,"ty":4,"nm":"Layer 6","sr":1,"ks":{"o":{"a":1,"k":[{"i":{"x":[0.833],"y":[1]},"o":{"x":[0.167],"y":[0]},"t":50,"s":[0]},{"i":{"x":[0.47],"y":[1]},"o":{"x":[0.06],"y":[0]},"t":51,"s":[100]},{"i":{"x":[0.833],"y":[1]},"o":{"x":[0.06],"y":[0]},"t":80,"s":[100]},{"i":{"x":[0.47],"y":[1]},"o":{"x":[0.06],"y":[0]},"t":93,"s":[50]},{"t":100,"s":[0]}],"ix":11},"r":{"a":0,"k":0,"ix":10},"p":{"a":1,"k":[{"i":{"x":0.47,"y":1},"o":{"x":0.06,"y":0},"t":50,"s":[305,231,0],"to":[0,0,0],"ti":[0,0,0]},{"t":100,"s":[448,212,0]}],"ix":2,"l":2},"a":{"a":0,"k":[0,0,0],"ix":1,"l":2},"s":{"a":1,"k":[{"i":{"x":[0.667,0.667,0.667],"y":[1,1,1]},"o":{"x":[0.333,0.333,0.333],"y":[0,0,0]},"t":50,"s":[143,143,100]},{"i":{"x":[0.833,0.833,0.833],"y":[0.833,0.833,1]},"o":{"x":[0.333,0.333,0.333],"y":[0,0,0]},"t":80,"s":[143,143,100]},{"t":100,"s":[80,80,100]}],"ix":6,"l":2}},"ao":0,"shapes":[{"ty":"gr","it":[{"ind":0,"ty":"sh","ix":1,"ks":{"a":0,"k":{"i":[[0,-7.732],[7.732,0],[0,7.732],[-7.732,0]],"o":[[0,7.732],[-7.732,0],[0,-7.732],[7.732,0]],"v":[[14,0],[0,14],[-14,0],[0,-14]],"c":true},"ix":2},"nm":"Path 1","mn":"ADBE Vector Shape - Group","hd":false},{"ty":"fl","c":{"a":0,"k":[0.219607843137,0.556862745098,0.235294117647,1],"ix":4},"o":{"a":0,"k":100,"ix":5},"r":1,"bm":0,"nm":"Fill 1","mn":"ADBE Vector Graphic - Fill","hd":false},{"ty":"tr","p":{"a":0,"k":[0,0],"ix":2},"a":{"a":0,"k":[0,0],"ix":1},"s":{"a":0,"k":[100,100],"ix":3},"r":{"a":0,"k":0,"ix":6},"o":{"a":0,"k":100,"ix":7},"sk":{"a":0,"k":0,"ix":4},"sa":{"a":0,"k":0,"ix":5},"nm":"Transform"}],"nm":"Group 1","np":2,"cix":2,"bm":0,"ix":1,"mn":"ADBE Vector Group","hd":false}],"ip":0,"op":1588,"st":0,"bm":0},{"ddd":0,"ind":3,"ty":4,"nm":"Layer 5","sr":1,"ks":{"o":{"a":1,"k":[{"i":{"x":[0.833],"y":[1]},"o":{"x":[0.167],"y":[0]},"t":50,"s":[0]},{"i":{"x":[0.47],"y":[1]},"o":{"x":[0.06],"y":[0]},"t":51,"s":[100]},{"i":{"x":[0.833],"y":[1]},"o":{"x":[0.06],"y":[0]},"t":80,"s":[100]},{"i":{"x":[0.47],"y":[1]},"o":{"x":[0.06],"y":[0]},"t":93,"s":[50]},{"t":100,"s":[0]}],"ix":11},"r":{"a":0,"k":0,"ix":10},"p":{"a":1,"k":[{"i":{"x":0.47,"y":1},"o":{"x":0.06,"y":0},"t":50,"s":[250,312,0],"to":[0,0,0],"ti":[0,0,0]},{"t":100,"s":[261,461,0]}],"ix":2,"l":2},"a":{"a":0,"k":[0,0,0],"ix":1,"l":2},"s":{"a":1,"k":[{"i":{"x":[0.667,0.667,0.667],"y":[1,1,1]},"o":{"x":[0.333,0.333,0.333],"y":[0,0,0]},"t":50,"s":[143,143,100]},{"i":{"x":[0.833,0.833,0.833],"y":[0.833,0.833,1]},"o":{"x":[0.333,0.333,0.333],"y":[0,0,0]},"t":80,"s":[143,143,100]},{"t":100,"s":[80,80,100]}],"ix":6,"l":2}},"ao":0,"shapes":[{"ty":"gr","it":[{"ind":0,"ty":"sh","ix":1,"ks":{"a":0,"k":{"i":[[0,-7.732],[7.732,0],[0,7.732],[-7.732,0]],"o":[[0,7.732],[-7.732,0],[0,-7.732],[7.732,0]],"v":[[14,0],[0,14],[-14,0],[0,-14]],"c":true},"ix":2},"nm":"Path 1","mn":"ADBE Vector Shape - Group","hd":false},{"ty":"fl","c":{"a":0,"k":[0.219607843137,0.556862745098,0.235294117647,1],"ix":4},"o":{"a":0,"k":100,"ix":5},"r":1,"bm":0,"nm":"Fill 1","mn":"ADBE Vector Graphic - Fill","hd":false},{"ty":"tr","p":{"a":0,"k":[0,0],"ix":2},"a":{"a":0,"k":[0,0],"ix":1},"s":{"a":0,"k":[100,100],"ix":3},"r":{"a":0,"k":0,"ix":6},"o":{"a":0,"k":100,"ix":7},"sk":{"a":0,"k":0,"ix":4},"sa":{"a":0,"k":0,"ix":5},"nm":"Transform"}],"nm":"Group 1","np":2,"cix":2,"bm":0,"ix":1,"mn":"ADBE Vector Group","hd":false}],"ip":0,"op":1588,"st":0,"bm":0},{"ddd":0,"ind":4,"ty":4,"nm":"Layer 4","sr":1,"ks":{"o":{"a":1,"k":[{"i":{"x":[0.833],"y":[1]},"o":{"x":[0.167],"y":[0]},"t":50,"s":[0]},{"i":{"x":[0.47],"y":[1]},"o":{"x":[0.06],"y":[0]},"t":51,"s":[100]},{"i":{"x":[0.833],"y":[1]},"o":{"x":[0.06],"y":[0]},"t":80,"s":[100]},{"i":{"x":[0.47],"y":[1]},"o":{"x":[0.06],"y":[0]},"t":93,"s":[50]},{"t":100,"s":[0]}],"ix":11},"r":{"a":0,"k":0,"ix":10},"p":{"a":1,"k":[{"i":{"x":0.47,"y":1},"o":{"x":0.06,"y":0},"t":50,"s":[264,183,0],"to":[0,0,0],"ti":[0,0,0]},{"t":100,"s":[281,38,0]}],"ix":2,"l":2},"a":{"a":0,"k":[0,0,0],"ix":1,"l":2},"s":{"a":1,"k":[{"i":{"x":[0.667,0.667,0.667],"y":[1,1,1]},"o":{"x":[0.333,0.333,0.333],"y":[0,0,0]},"t":50,"s":[143,143,100]},{"i":{"x":[0.833,0.833,0.833],"y":[0.833,0.833,1]},"o":{"x":[0.333,0.333,0.333],"y":[0,0,0]},"t":80,"s":[143,143,100]},{"t":100,"s":[80,80,100]}],"ix":6,"l":2}},"ao":0,"shapes":[{"ty":"gr","it":[{"ind":0,"ty":"sh","ix":1,"ks":{"a":0,"k":{"i":[[0,-4.418],[4.418,0],[0,4.418],[-4.418,0]],"o":[[0,4.418],[-4.418,0],[0,-4.418],[4.418,0]],"v":[[8,0],[0,8],[-8,0],[0,-8]],"c":true},"ix":2},"nm":"Path 1","mn":"ADBE Vector Shape - Group","hd":false},{"ty":"fl","c":{"a":0,"k":[0.219607843137,0.556862745098,0.235294117647,1],"ix":4},"o":{"a":0,"k":100,"ix":5},"r":1,"bm":0,"nm":"Fill 1","mn":"ADBE Vector Graphic - Fill","hd":false},{"ty":"tr","p":{"a":0,"k":[0,0],"ix":2},"a":{"a":0,"k":[0,0],"ix":1},"s":{"a":0,"k":[100,100],"ix":3},"r":{"a":0,"k":0,"ix":6},"o":{"a":0,"k":100,"ix":7},"sk":{"a":0,"k":0,"ix":4},"sa":{"a":0,"k":0,"ix":5},"nm":"Transform"}],"nm":"Group 1","np":2,"cix":2,"bm":0,"ix":1,"mn":"ADBE Vector Group","hd":false}],"ip":0,"op":1588,"st":0,"bm":0},{"ddd":0,"ind":5,"ty":4,"nm":"Layer 3","sr":1,"ks":{"o":{"a":1,"k":[{"i":{"x":[0.833],"y":[1]},"o":{"x":[0.167],"y":[0]},"t":50,"s":[0]},{"i":{"x":[0.47],"y":[1]},"o":{"x":[0.06],"y":[0]},"t":51,"s":[100]},{"i":{"x":[0.833],"y":[1]},"o":{"x":[0.06],"y":[0]},"t":80,"s":[100]},{"i":{"x":[0.47],"y":[1]},"o":{"x":[0.06],"y":[0]},"t":93,"s":[50]},{"t":100,"s":[0]}],"ix":11},"r":{"a":0,"k":0,"ix":10},"p":{"a":1,"k":[{"i":{"x":0.47,"y":1},"o":{"x":0.06,"y":0},"t":50,"s":[314,291,0],"to":[0,0,0],"ti":[0,0,0]},{"t":100,"s":[432,379,0]}],"ix":2,"l":2},"a":{"a":0,"k":[0,0,0],"ix":1,"l":2},"s":{"a":1,"k":[{"i":{"x":[0.667,0.667,0.667],"y":[1,1,1]},"o":{"x":[0.333,0.333,0.333],"y":[0,0,0]},"t":50,"s":[143,143,100]},{"i":{"x":[0.833,0.833,0.833],"y":[0.833,0.833,1]},"o":{"x":[0.333,0.333,0.333],"y":[0,0,0]},"t":80,"s":[143,143,100]},{"t":100,"s":[80,80,100]}],"ix":6,"l":2}},"ao":0,"shapes":[{"ty":"gr","it":[{"ind":0,"ty":"sh","ix":1,"ks":{"a":0,"k":{"i":[[0,-4.418],[4.418,0],[0,4.418],[-4.418,0]],"o":[[0,4.418],[-4.418,0],[0,-4.418],[4.418,0]],"v":[[8,0],[0,8],[-8,0],[0,-8]],"c":true},"ix":2},"nm":"Path 1","mn":"ADBE Vector Shape - Group","hd":false},{"ty":"fl","c":{"a":0,"k":[0.219607843137,0.556862745098,0.235294117647,1],"ix":4},"o":{"a":0,"k":100,"ix":5},"r":1,"bm":0,"nm":"Fill 1","mn":"ADBE Vector Graphic - Fill","hd":false},{"ty":"tr","p":{"a":0,"k":[0,0],"ix":2},"a":{"a":0,"k":[0,0],"ix":1},"s":{"a":0,"k":[100,100],"ix":3},"r":{"a":0,"k":0,"ix":6},"o":{"a":0,"k":100,"ix":7},"sk":{"a":0,"k":0,"ix":4},"sa":{"a":0,"k":0,"ix":5},"nm":"Transform"}],"nm":"Group 1","np":2,"cix":2,"bm":0,"ix":1,"mn":"ADBE Vector Group","hd":false}],"ip":0,"op":1588,"st":0,"bm":0},{"ddd":0,"ind":6,"ty":4,"nm":"Layer 2","sr":1,"ks":{"o":{"a":1,"k":[{"i":{"x":[0.833],"y":[1]},"o":{"x":[0.167],"y":[0]},"t":50,"s":[0]},{"i":{"x":[0.47],"y":[1]},"o":{"x":[0.06],"y":[0]},"t":51,"s":[100]},{"i":{"x":[0.833],"y":[1]},"o":{"x":[0.06],"y":[0]},"t":80,"s":[100]},{"i":{"x":[0.47],"y":[1]},"o":{"x":[0.06],"y":[0]},"t":93,"s":[50]},{"t":100,"s":[0]}],"ix":11},"r":{"a":0,"k":0,"ix":10},"p":{"a":1,"k":[{"i":{"x":0.47,"y":1},"o":{"x":0.06,"y":0},"t":50,"s":[188,187.182,0],"to":[0,0,0],"ti":[0,0,0]},{"t":100,"s":[58,108.182,0]}],"ix":2,"l":2},"a":{"a":0,"k":[0,0,0],"ix":1,"l":2},"s":{"a":1,"k":[{"i":{"x":[0.667,0.667,0.667],"y":[1,1,1]},"o":{"x":[0.333,0.333,0.333],"y":[0,0,0]},"t":50,"s":[143,143,100]},{"i":{"x":[0.833,0.833,0.833],"y":[0.833,0.833,1]},"o":{"x":[0.333,0.333,0.333],"y":[0,0,0]},"t":80,"s":[143,143,100]},{"t":100,"s":[80,80,100]}],"ix":6,"l":2}},"ao":0,"shapes":[{"ty":"gr","it":[{"ind":0,"ty":"sh","ix":1,"ks":{"a":0,"k":{"i":[[0,-7.832],[7.832,0],[0,7.832],[-7.832,0]],"o":[[0,7.832],[-7.832,0],[0,-7.832],[7.832,0]],"v":[[14.182,0],[0,14.182],[-14.182,0],[0,-14.182]],"c":true},"ix":2},"nm":"Path 1","mn":"ADBE Vector Shape - Group","hd":false},{"ty":"fl","c":{"a":0,"k":[0.219607843137,0.556862745098,0.235294117647,1],"ix":4},"o":{"a":0,"k":100,"ix":5},"r":1,"bm":0,"nm":"Fill 1","mn":"ADBE Vector Graphic - Fill","hd":false},{"ty":"tr","p":{"a":0,"k":[0,0],"ix":2},"a":{"a":0,"k":[0,0],"ix":1},"s":{"a":0,"k":[100,100],"ix":3},"r":{"a":0,"k":0,"ix":6},"o":{"a":0,"k":100,"ix":7},"sk":{"a":0,"k":0,"ix":4},"sa":{"a":0,"k":0,"ix":5},"nm":"Transform"}],"nm":"Group 1","np":2,"cix":2,"bm":0,"ix":1,"mn":"ADBE Vector Group","hd":false}],"ip":0,"op":1588,"st":0,"bm":0}]}],"layers":[{"ddd":0,"ind":1,"ty":0,"nm":"Succses","refId":"comp_0","sr":1,"ks":{"o":{"a":0,"k":100,"ix":11},"r":{"a":0,"k":0,"ix":10},"p":{"a":0,"k":[90,90,0],"ix":2,"l":2},"a":{"a":0,"k":[240,240,0],"ix":1,"l":2},"s":{"a":0,"k":[37.5,37.5,100],"ix":6,"l":2}},"ao":0,"w":480,"h":480,"ip":0,"op":1588,"st":0,"bm":0}],"markers":[]}